Settlement Date,Spot Price ($/MWh),Scheduled Demand (MW),Scheduled Generation (MW),Semi Scheduled Generation (MW),Net Import (MW),Type
07/08/2025 20:40,149.57524,7460.39,7618.08942,945.41058,1119.49,ACTUAL
07/08/2025 20:45,160.01,7505.1,7625.2774,941.8026,1076.37,ACTUAL
07/08/2025 20:50,133.98,7423.51,7609.23806,934.27194,1137.43,ACTUAL
07/08/2025 20:55,136.33446,7453.54,7618.24627,945.47373,1127.07,ACTUAL
07/08/2025 21:00,133.98,7372.96,7602.67883,933.00117,1182.51,ACTUAL
07/08/2025 21:05,152.95214,7336.75,7613.24891,932.77109,1231.95,ACTUAL
07/08/2025 21:10,131.73,7331.45,7569.66881,954.78119,1214.82,ACTUAL
07/08/2025 21:15,128.45,7290,7470.60723,981.39277,1182.63,ACTUAL
07/08/2025 21:20,126.66812,7230.64,7431.40254,1001.26746,1225.13,ACTUAL
07/08/2025 21:25,114.73,7135.68,7370.04457,1017.73543,1280.05,ACTUAL
07/08/2025 21:30,128.06017,7143.22,7348.70363,1015.60637,1245.78,ACTUAL
07/08/2025 21:35,117.64791,7062.48,7303.71126,1001.85874,1269.83,ACTUAL
07/08/2025 21:40,108.75,7010.71,7207.11313,1059.59687,1285.02,ACTUAL
07/08/2025 21:45,103.83004,6994.52,7172.58505,1094.18495,1302.66,ACTUAL
07/08/2025 21:50,104.20695,6992.52,7183.80068,1093.22932,1316.3,ACTUAL
07/08/2025 21:55,93.75,6887.42,7016.32079,1091.91921,1248.6,ACTUAL
07/08/2025 22:00,97.83004,6821.75,6927.50488,1080.77512,1211.88,ACTUAL
07/08/2025 22:05,103.83004,6715.49,6874.03151,1074.45849,1264.57,ACTUAL
07/08/2025 22:10,128.45,6783.74,6958.82035,1036.49965,1238.58,ACTUAL
07/08/2025 22:15,128.53002,6777.4,6990.30858,1006.52142,1246.88,ACTUAL
07/08/2025 22:20,128.71,6872.79,7030.11564,1004.67436,1185.86,ACTUAL
07/08/2025 22:25,128.45,6819.78,6967.45154,979.05846,1149.02,ACTUAL
07/08/2025 22:30,114.73,6768.06,6853.50191,950.53809,1054.22,ACTUAL
07/08/2025 22:35,104.59689,6705.45,6664.65483,971.66517,945.13,ACTUAL
07/08/2025 22:40,114.73,6649.88,6680.26333,953.61667,1000.64,ACTUAL
07/08/2025 22:45,110.53,6620.51,6654.17429,965.13571,1016.26,ACTUAL
07/08/2025 22:50,103.83004,6523.67,6562.57948,968.50052,1025.77,ACTUAL
07/08/2025 22:55,100.00543,6430.64,6479.26298,952.62702,1019.82,ACTUAL
07/08/2025 23:00,97.83004,6392.04,6352.31124,974.94876,951.22,ACTUAL
07/08/2025 23:05,97.45,6348.27,6270.62064,991.69936,929.44,ACTUAL
07/08/2025 23:10,128.45,6358.25,6452.67846,933.59154,1048.52,ACTUAL
07/08/2025 23:15,102.73,6374.71,6452.23994,946.91006,1044.74,ACTUAL
07/08/2025 23:20,102.73,6350.71,6443.75391,951.23609,1065.68,ACTUAL
07/08/2025 23:25,97.45,6310.57,6356.53797,957.24203,1022.97,ACTUAL
07/08/2025 23:30,96.45,6232.02,6290.98934,972.48066,1052.94,ACTUAL
07/08/2025 23:35,83.45,6159.77,6220.87036,1004.20964,1088.91,ACTUAL
07/08/2025 23:40,83.45,6222.23,6202.91146,990.24854,989.73,ACTUAL
07/08/2025 23:45,77.53,6199.47,6135.8201,979.6499,932.46,ACTUAL
07/08/2025 23:50,75.45,6038.5,5919.1978,987.4822,883.49,ACTUAL
07/08/2025 23:55,75.55,6049.84,5898.11657,991.72343,854.21,ACTUAL
08/08/2025 00:00,77.02377,6045.79,5988.72551,975.17449,935.6,ACTUAL
08/08/2025 00:05,75.82992,5999.87,5819.0381,986.8319,818.97,ACTUAL
08/08/2025 00:10,75.45,5895.03,5669.2341,1002.7959,789.33,ACTUAL
08/08/2025 00:15,77.53,5892.84,5718.52875,955.73125,794.03,ACTUAL
08/08/2025 00:20,77.53,5835.62,5675.76539,906.84461,758.5,ACTUAL
08/08/2025 00:25,84.45,5831.43,5761.21659,859.23341,802.22,ACTUAL
08/08/2025 00:30,80.3417,5771.06,5730.8473,849.9427,823.87,ACTUAL
08/08/2025 00:35,79.66647,5833.38,5713.27431,874.24569,766.11,ACTUAL
08/08/2025 00:40,95,5868.28,5784.76157,846.86843,775.54,ACTUAL
08/08/2025 00:45,76.0041,5775.68,5616.2028,867.9072,718.99,ACTUAL
08/08/2025 00:50,75.83011,5782.53,5655.52771,865.00229,749.61,ACTUAL
08/08/2025 00:55,75.83004,5755.33,5607.1884,865.5416,728.37,ACTUAL
08/08/2025 01:00,75.82984,5736.59,5580.40974,894.18026,749.78,ACTUAL
08/08/2025 01:05,77.53,5724.44,5691.33783,924.37217,909.26,ACTUAL
08/08/2025 01:10,78.73,5733.95,5756.1538,928.0162,970.85,ACTUAL
08/08/2025 01:15,75.82984,5639.92,5589.98273,966.35727,935.9,ACTUAL
08/08/2025 01:20,75.82984,5631.48,5573.40121,952.63879,913.03,ACTUAL
08/08/2025 01:25,74.7803,5599.27,5468.35382,916.91618,800.14,ACTUAL
08/08/2025 01:30,72.01413,5598.81,5433.39552,902.19448,749.07,ACTUAL
08/08/2025 01:35,74.63,5562.45,5458.10574,868.97426,778.17,ACTUAL
08/08/2025 01:40,74.63,5597.17,5432.38812,908.72188,756.62,ACTUAL
08/08/2025 01:45,75.45,5574.26,5491.45422,938.43578,872.94,ACTUAL
08/08/2025 01:50,68.28812,5546.5,5398.76366,997.91634,867.34,ACTUAL
08/08/2025 01:55,74.63,5565.34,5378.50418,1014.30582,843.58,ACTUAL
08/08/2025 02:00,67.67116,5572.32,5391.9347,1036.1653,873.28,ACTUAL
08/08/2025 02:05,74.63,5689.97,5411.69018,1058.27982,794.54,ACTUAL
08/08/2025 02:10,74.63,5740.14,5433.08845,1041.78155,747.44,ACTUAL
08/08/2025 02:15,69.46,5760.21,5397.4053,1079.8747,728.89,ACTUAL
08/08/2025 02:20,74.63,5789.61,5414.42889,1079.18111,715.47,ACTUAL
08/08/2025 02:25,75.45,5748.18,5480.45156,1072.64844,820.56,ACTUAL
08/08/2025 02:30,74.63,5757.68,5463.30875,1074.37125,794.48,ACTUAL
08/08/2025 02:35,74.05984,5669.2,5400.50591,1110.51409,859.03,ACTUAL
08/08/2025 02:40,73.46044,5586.53,5343.28834,1116.85166,892.64,ACTUAL
08/08/2025 02:45,75.45,5777.08,5440.34273,1074.73727,751.01,ACTUAL
08/08/2025 02:50,73.52576,5734.68,5306.53829,1063.23171,644.6,ACTUAL
08/08/2025 02:55,73.6525,5641.48,5261.1598,1072.0202,703.25,ACTUAL
08/08/2025 03:00,74.63,5682.16,5283.23307,1068.92693,680.73,ACTUAL
08/08/2025 03:05,74.63,5694.43,5297.36642,1051.18358,664.26,ACTUAL
08/08/2025 03:10,75.55,5749.84,5429.90787,1023.93213,715.78,ACTUAL
08/08/2025 03:15,74.63,5692.07,5302.07023,1030.86977,650.6,ACTUAL
08/08/2025 03:20,69.54153,5634.98,5271.27481,1003.84519,650.08,ACTUAL
08/08/2025 03:25,74.63,5739.47,5264.62352,1038.24648,570.67,ACTUAL
08/08/2025 03:30,54.76,5694.7,5226.12047,1085.69953,626.22,ACTUAL
08/08/2025 03:35,61.73,5711.47,5249.06054,1117.58946,665.35,ACTUAL
08/08/2025 03:40,54.75999,5666.75,5163.2382,1114.3518,619.81,ACTUAL
08/08/2025 03:45,61.73,5743.43,5248.35266,1121.19734,635.31,ACTUAL
08/08/2025 03:50,69.83381,5769.81,5248.80039,1100.32961,587.19,ACTUAL
08/08/2025 03:55,59.55009,5830.18,5248.86265,1116.10735,541.42,ACTUAL
08/08/2025 04:00,70.78662,5853.34,5248.75181,1119.19819,520.56,ACTUAL
08/08/2025 04:05,58.42928,5694.15,5223.75079,1099.07921,638.05,ACTUAL
08/08/2025 04:10,75.02305,5560.43,5270.43832,1043.46168,767.05,ACTUAL
08/08/2025 04:15,68.21053,5592.93,5226.52758,1074.22242,719.52,ACTUAL
08/08/2025 04:20,68.25023,5605.07,5243.9498,1065.4702,715.8,ACTUAL
08/08/2025 04:25,61.73,5673.48,5244.21295,1112.98705,694.55,ACTUAL
08/08/2025 04:30,55.63,5709.06,5231.95051,1182.33949,716.8,ACTUAL
08/08/2025 04:35,55.63,5777.74,5201.3945,1259.1855,693.39,ACTUAL
08/08/2025 04:40,61.73,5818.31,5242.13743,1271.12257,705.75,ACTUAL
08/08/2025 04:45,61.73,5806.9,5242.14466,1265.85534,711.92,ACTUAL
08/08/2025 04:50,61.73,5828.45,5243.89846,1250.85154,676.06,ACTUAL
08/08/2025 04:55,68.02405,5801.12,5322.58863,1236.43137,770.65,ACTUAL
08/08/2025 05:00,68.65556,5797.45,5324.51194,1191.41806,729.8,ACTUAL
08/08/2025 05:05,68.90407,5817.24,5338.51341,1167.18659,698.73,ACTUAL
08/08/2025 05:10,74.63,5857.73,5426.57132,1158.06868,738.32,ACTUAL
08/08/2025 05:15,68.94431,5893.04,5429.06107,1162.92893,709.14,ACTUAL
08/08/2025 05:20,75.45,5983.67,5529.33986,1166.41014,722.35,ACTUAL
08/08/2025 05:25,74.63,5961.76,5531.22638,1171.72362,752.38,ACTUAL
08/08/2025 05:30,75.45,6004.28,5669.80433,1196.37567,877.52,ACTUAL
08/08/2025 05:35,74.63,6054.51,5719.31828,1189.57172,869.34,ACTUAL
08/08/2025 05:40,74.63,6099.51,5785.024,1201.916,903.43,ACTUAL
08/08/2025 05:45,75.45,6182.09,5846.68406,1210.02594,889.73,ACTUAL
08/08/2025 05:50,74.63,6124.74,5813.33144,1212.53856,917.58,ACTUAL
08/08/2025 05:55,75.55,6202.78,5908.57626,1209.65374,932.21,ACTUAL
08/08/2025 06:00,75.83008,6277.29,6012.49795,1209.68205,962.59,ACTUAL
08/08/2025 06:05,75.45001,6314.1,5924.00227,1217.24773,839.7,ACTUAL
08/08/2025 06:10,77.53004,6493.22,6111.9263,1197.5437,827.53,ACTUAL
08/08/2025 06:15,77.53,6504.17,6154.66453,1214.08547,877.39,ACTUAL
08/08/2025 06:20,78.96185,6618.31,6216.78059,1242.37941,852.17,ACTUAL
08/08/2025 06:25,104.83002,6677.35,6389.19126,1195.29874,920.59,ACTUAL
08/08/2025 06:30,104.83002,6766.49,6429.4089,1202.5611,876.86,ACTUAL
08/08/2025 06:35,104.83002,6814.98,6480.20531,1179.60469,855.11,ACTUAL
08/08/2025 06:40,108.75001,6794.82,6623.28439,1173.19561,1018.03,ACTUAL
08/08/2025 06:45,104.83002,6880.11,6728.09919,1235.22081,1102.74,ACTUAL
08/08/2025 06:50,128.72972,6945.49,6865.86794,1249.67206,1194.03,ACTUAL
08/08/2025 06:55,114.73,6946.35,6840.40778,1250.17222,1166.24,ACTUAL
08/08/2025 07:00,97.83004,6947.37,6765.8042,1294.1658,1133.01,ACTUAL
08/08/2025 07:05,128.45,7040.37,6906.40223,1332.96777,1225.18,ACTUAL
08/08/2025 07:10,133.5,7085.52,6919.43925,1333.08075,1189.77,ACTUAL
08/08/2025 07:15,144.67,7187.45,7054.25115,1348.19885,1242.02,ACTUAL
08/08/2025 07:20,160.95,7153.94,6933.59154,1371.34846,1172.16,ACTUAL
08/08/2025 07:25,97.73,6813.55,6572.44325,1473.40675,1263.48,ACTUAL
08/08/2025 07:30,97.73,6790.87,6536.18621,1507.08379,1286.81,ACTUAL
08/08/2025 07:35,97.73,6782.8,6512.86364,1518.83636,1282.75,ACTUAL
08/08/2025 07:40,97.73,6806.82,6475.96928,1553.95072,1253.17,ACTUAL
08/08/2025 07:45,97.83004,6781.79,6410.91321,1567.61679,1223.7,ACTUAL
08/08/2025 07:50,98.24113,6770.81,6352.183,1616.067,1224.58,ACTUAL
08/08/2025 07:55,93.73,6789.6,6212.14684,1658.60316,1100.45,ACTUAL
08/08/2025 08:00,97.83004,6837.69,6153.54281,1717.07719,1049.8,ACTUAL
08/08/2025 08:05,114.73,6803.03,6099.70111,1723.85889,1037,ACTUAL
08/08/2025 08:10,110.53,6834.9,6015.6796,1765.8304,959.8,ACTUAL
08/08/2025 08:15,97.73,6826.47,5883.81987,1829.41013,897.84,ACTUAL
08/08/2025 08:20,110.53,6804.08,5958.34863,1758.81137,925.3,ACTUAL
08/08/2025 08:25,108.75,6820.88,5936.98875,1760.57125,887.52,ACTUAL
08/08/2025 08:30,110.53,6974.09,5934.03958,1804.05042,770.69,ACTUAL
08/08/2025 08:35,104.82994,7019.79,5840.64698,1935.62302,762.86,ACTUAL
08/08/2025 08:40,104.73,6998.24,5749.49012,1941.80988,697.78,ACTUAL
08/08/2025 08:45,104.73,6944.21,5663.79195,1933.95805,657.53,ACTUAL
08/08/2025 08:50,84.21088,6980.65,5470.56525,2039.17475,530.54,ACTUAL
08/08/2025 08:55,77.17268,6901.19,5427.09126,2140.85874,671.38,ACTUAL
08/08/2025 09:00,77.53,6927.4,5435.05867,2203.91133,717.35,ACTUAL
08/08/2025 09:05,70.61341,6876.74,5304.58944,2255.66056,688.67,ACTUAL
08/08/2025 09:10,110.63,6884,5526.37572,2238.99428,892.88,ACTUAL
08/08/2025 09:15,107.0897,6906.84,5455.93186,2253.70814,811.53,ACTUAL
08/08/2025 09:20,101.72699,6891.11,5366.73875,2297.96125,781.62,ACTUAL
08/08/2025 09:25,95.40962,6804.58,5302.62218,2283.68782,790.35,ACTUAL
08/08/2025 09:30,104.83006,6897.15,5366.241,2282.949,759.79,ACTUAL
08/08/2025 09:35,75.54999,6865.47,5289.28628,2285.39372,716.41,ACTUAL
08/08/2025 09:40,83.45,7066.13,5370.14008,2363.45992,672.42,ACTUAL
08/08/2025 09:45,61.73,7156.69,5311.40669,2403.59331,560.99,ACTUAL
08/08/2025 09:50,61.73,7143.9,5311.70918,2330.00082,499.57,ACTUAL
08/08/2025 09:55,71.69537,6895.52,5286.61934,2166.37066,560.86,ACTUAL
08/08/2025 10:00,55,7264.99,5208.88157,2237.41843,180.43,ACTUAL
08/08/2025 10:05,61.73,7094.02,5160.64209,2252.64791,319.01,ACTUAL
08/08/2025 10:10,69.46,6943.62,5084.47154,2326.82846,469.11,ACTUAL
08/08/2025 10:15,61.81588,6936.43,5048.94696,2360.35304,474.43,ACTUAL
08/08/2025 10:20,83.90625,7197.16,5137.39524,2299.32476,238.79,ACTUAL
08/08/2025 10:25,154.61361,7200.85,5433.25523,2217.97477,450.96,ACTUAL
08/08/2025 10:30,91.9517,7136.18,5385.59243,2128.14757,377.44,ACTUAL
08/08/2025 10:35,88.31,7270.76,5445.91635,2155.99365,330.69,ACTUAL
08/08/2025 10:40,104.83008,7148.23,5537.19176,2010.32824,399.55,ACTUAL
08/08/2025 10:45,73.49224,6937.32,5252.88638,2103.62362,419.81,ACTUAL
08/08/2025 10:50,44.94,6999.7,4990.86197,2483.98803,477.5,ACTUAL
08/08/2025 10:55,54.75998,6972.07,4985.02092,2372.04908,386.05,ACTUAL
08/08/2025 11:00,35.73,6937.91,4801.92004,2597.52996,463.87,ACTUAL
08/08/2025 11:05,55,6789.44,4902.00127,2520.59873,639.74,ACTUAL
08/08/2025 11:10,75.83,6653.43,5021.25951,2542.89049,926.27,ACTUAL
08/08/2025 11:15,52.50605,6956.22,4808.87632,2495.92368,349.11,ACTUAL
08/08/2025 11:20,55,6898.32,4891.62033,2487.90967,483.74,ACTUAL
08/08/2025 11:25,61.73,6780.09,4912.96024,2502.53976,641.5,ACTUAL
08/08/2025 11:30,61.73,6524.44,4912.44889,2306.26111,702.7,ACTUAL
08/08/2025 11:35,61.73,6710.84,4912.80984,2435.70016,644.31,ACTUAL
08/08/2025 11:40,61.73,6415.95,4907.30409,2268.42591,770.83,ACTUAL
08/08/2025 11:45,54.76,6502.32,4837.16823,2470.00177,817.65,ACTUAL
08/08/2025 11:50,58.16248,6482.48,4878.45926,2425.01074,834.35,ACTUAL
08/08/2025 11:55,75.83,6696.01,4971.95795,2392.77205,676.99,ACTUAL
08/08/2025 12:00,69.46,6550.17,4854.22965,2357.94035,669.96,ACTUAL
08/08/2025 12:05,35.73,6565.08,4699.61081,2349.82919,487.51,ACTUAL
08/08/2025 12:10,54.99988,6538.95,4814.44464,2374.99536,657.51,ACTUAL
08/08/2025 12:15,54.75998,6464.09,4718.1884,2195.4716,452.2,ACTUAL
08/08/2025 12:20,55,6605.93,4759.37076,2222.46924,377.6,ACTUAL
08/08/2025 12:25,61.73,6622.69,4805.07544,2244.57456,429.44,ACTUAL
08/08/2025 12:30,55,6476.13,4792.59174,2194.61826,515.11,ACTUAL
08/08/2025 12:35,55.00012,6655.54,4853.55956,2274.77044,475.89,ACTUAL
08/08/2025 12:40,54.75998,6687.9,4822.13646,2311.93354,449.24,ACTUAL
08/08/2025 12:45,54.88556,6710.68,4846.84075,2251.91925,390.01,ACTUAL
08/08/2025 12:50,55,6695.6,4828.75934,2238.84066,373.77,ACTUAL
08/08/2025 12:55,74.63,6785.18,4897.14318,2179.83682,292.74,ACTUAL
08/08/2025 13:00,55,6755.25,4828.92325,2239.30675,314.14,ACTUAL
08/08/2025 13:05,55,6661.8,4833.15533,2271.25467,445.24,ACTUAL
08/08/2025 13:10,75.18376,6680.71,4925.23529,2080.79471,328.06,ACTUAL
08/08/2025 13:15,63.05448,6758.91,4876.01415,2041.00585,160.83,ACTUAL
08/08/2025 13:20,55,6550.51,4849.65534,2106.85466,409.9,ACTUAL
08/08/2025 13:25,54.75998,6381.94,4765.20191,2022.03809,409.59,ACTUAL
08/08/2025 13:30,55,6537.73,4889.38065,2132.45935,489.48,ACTUAL
08/08/2025 13:35,55,6375.75,4918.70534,2138.07466,691.01,ACTUAL
08/08/2025 13:40,61.7299,6463.88,4943.97031,2064.00969,550.6,ACTUAL
08/08/2025 13:45,60.09928,6571.64,4951.77121,1974.39879,358.27,ACTUAL
08/08/2025 13:50,74.63,6356.29,4962.62028,1935.27972,548.14,ACTUAL
08/08/2025 13:55,75.94397,6315.47,5130.16287,1980.04713,808.16,ACTUAL
08/08/2025 14:00,74.63,6282.53,5033.10599,2010.29401,772.75,ACTUAL
08/08/2025 14:05,74.57094,6286.92,5129.68077,2047.85923,907.1,ACTUAL
08/08/2025 14:10,77.53,6365.86,5341.13019,1867.66981,857.36,ACTUAL
08/08/2025 14:15,77.53,6457.08,5385.93645,1885.34355,827.23,ACTUAL
08/08/2025 14:20,80.35067,6501.15,5496.35664,1813.41336,821.5,ACTUAL
08/08/2025 14:25,77.38764,6619.17,5558.7848,1784.0252,733.48,ACTUAL
08/08/2025 14:30,77.30737,6552.55,5599.52444,1668.73556,725.43,ACTUAL
08/08/2025 14:35,75.82996,6561.32,5601.40916,1703.41084,753.98,ACTUAL
08/08/2025 14:40,103.39,6632.93,5806.21854,1356.00146,534.4,ACTUAL
08/08/2025 14:45,128.45,6672.58,5981.36483,1370.81517,687.74,ACTUAL
08/08/2025 14:50,64.34506,6725.72,5682.79413,1744.37587,710.15,ACTUAL
08/08/2025 14:55,96.45,6824.11,5883.60049,1715.41951,785.35,ACTUAL
08/08/2025 15:00,78.74617,6839.05,5799.64996,1695.66004,663.5,ACTUAL
08/08/2025 15:05,84.25,6893.94,5802.0756,1842.4644,760.13,ACTUAL
08/08/2025 15:10,75.55,6978.35,5760.03381,1756.36619,543.82,ACTUAL
08/08/2025 15:15,86.58073,6940.89,5832.22682,1659.17318,556.61,ACTUAL
08/08/2025 15:20,82.32196,6805.97,5795.01322,1616.33678,612.34,ACTUAL
08/08/2025 15:25,86.78073,6854.61,5883.10805,1567.84195,603.67,ACTUAL
08/08/2025 15:30,92.2401,6808.44,5939.85633,1622.60367,764.67,ACTUAL
08/08/2025 15:35,91.01893,6756.03,5956.1027,1600.7573,812.98,ACTUAL
08/08/2025 15:40,88.73,6799.42,6015.75507,1588.96493,817.72,ACTUAL
08/08/2025 15:45,89.90559,6874.71,6066.77431,1526.50569,728.16,ACTUAL
08/08/2025 15:50,90,6886.2,6221.4353,1438.0247,784.09,ACTUAL
08/08/2025 15:55,116.73,7003.74,6435.75847,1443.56153,889.14,ACTUAL
08/08/2025 16:00,116.73,7026.69,6507.10677,1345.19323,837.57,ACTUAL
08/08/2025 16:05,87.05568,6966.44,6468.56641,1296.67359,810.18,ACTUAL
08/08/2025 16:10,92.85392,7008.04,6565.90484,1312.86516,884.12,ACTUAL
08/08/2025 16:15,80.48355,6958.43,6562.6966,1420.9534,1044.14,ACTUAL
08/08/2025 16:20,97.83002,7136.4,6749.85739,1306.45261,934.39,ACTUAL
08/08/2025 16:25,96,7095.38,6700.63922,1409.15078,1032.05,ACTUAL
08/08/2025 16:30,121.16375,7160.08,6875.35271,1318.47729,1051.73,ACTUAL
08/08/2025 16:35,96,7184.39,6825.20937,1327.00063,982.99,ACTUAL
08/08/2025 16:40,97.83006,7197.9,7072.80615,1315.19385,1214.39,ACTUAL
08/08/2025 16:45,114.73,7288.6,7156.65689,1316.14311,1207.71,ACTUAL
08/08/2025 16:50,114.73,7279.25,7157.91022,1312.63978,1215.01,ACTUAL
08/08/2025 16:55,152.74912,7429.56,7292.45513,1294.92487,1179.21,ACTUAL
08/08/2025 17:00,126.86691,7412.07,7273.19104,1267.65896,1149,ACTUAL
08/08/2025 17:05,147.9124,7551.43,7445.10623,1294.63377,1210.43,ACTUAL
08/08/2025 17:10,146.88032,7615.06,7499.24557,1261.51443,1163.53,ACTUAL
08/08/2025 17:15,128.71,7643.27,7408.59308,1250.46692,1028.07,ACTUAL
08/08/2025 17:20,145.16824,7788.33,7659.06123,1183.64877,1067.51,ACTUAL
08/08/2025 17:25,158.57567,7753.35,7674.72257,1144.99743,1079.81,ACTUAL
08/08/2025 17:30,131.73,7821.02,7901.7519,1069.6681,1166.89,ACTUAL
08/08/2025 17:35,160.95,7885.42,7942.65409,1077.55591,1149.98,ACTUAL
08/08/2025 17:40,163.45,7925.12,8032.74098,1027.37902,1149.87,ACTUAL
08/08/2025 17:45,163.45,7981.63,8108.14965,1008.48035,1149.48,ACTUAL
08/08/2025 17:50,162.81024,7986.6,8037.86718,1030.55282,1093.86,ACTUAL
08/08/2025 17:55,163.45,8038.58,8115.29114,1043.28886,1133.21,ACTUAL
08/08/2025 18:00,163.45,8077.98,8073.70739,1104.90261,1112.91,ACTUAL
08/08/2025 18:05,161.75059,8018.63,7962.7119,1133.3581,1089.01,ACTUAL
08/08/2025 18:10,155.90714,8010.45,7815.65317,1169.85683,982.8,ACTUAL
08/08/2025 18:15,144.15752,7966.24,7894.52284,1190.43716,1132.27,ACTUAL
08/08/2025 18:20,160.95004,7982.39,7915.49999,1193.89001,1140.87,ACTUAL
08/08/2025 18:25,160.95,8028.07,7854.73294,1200.24706,1036.63,ACTUAL
08/08/2025 18:30,157.61453,7992.51,7916.4543,1186.5657,1123.68,ACTUAL
08/08/2025 18:35,145.92844,7948.19,7786.51558,1202.72442,1051.65,ACTUAL
08/08/2025 18:40,160.95,7964.78,7719.56565,1178.29435,939.76,ACTUAL
08/08/2025 18:45,153.58246,7909.25,7593.29713,1158.35287,846.57,ACTUAL
08/08/2025 18:50,139.55013,7982.62,7745.30127,1191.93873,962.14,ACTUAL
08/08/2025 18:55,133.25793,7932.84,7766.50864,1232.35136,1077.95,ACTUAL
08/08/2025 19:00,160.95,7980.21,7652.2281,1221.7219,899.29,ACTUAL
08/08/2025 19:05,136.62461,7829.02,7463.76047,1252.38953,893.13,ACTUAL
08/08/2025 19:10,160.95002,7818.29,7459.31329,1236.95671,883.89,ACTUAL
08/08/2025 19:15,114.73,7782.61,7294.79844,1247.95156,762.92,ACTUAL
08/08/2025 19:20,121.87493,7751.11,7301.69428,1231.97572,785.98,ACTUAL
08/08/2025 19:25,129.55307,7727.33,7376.80506,1189.39494,843.94,ACTUAL
08/08/2025 19:30,120.80036,7675.79,7301.94622,1186.28378,817.02,ACTUAL
08/08/2025 19:35,119.71439,7617.56,7296.87277,1181.50723,867.11,ACTUAL
08/08/2025 19:40,139.26099,7621.02,7355.12174,1156.26826,897.66,ACTUAL
08/08/2025 19:45,128.45,7618.77,7249.9071,1154.3029,789.61,ACTUAL
08/08/2025 19:50,116.97822,7580.95,7284.50719,1146.79281,856.66,ACTUAL
08/08/2025 19:55,128.45,7574.88,7252.50363,1120.41637,802.79,ACTUAL
08/08/2025 20:00,112.64242,7490.09,7237.25329,1136.01671,890.76,ACTUAL
08/08/2025 20:05,119.49907,7443.83,7215.16797,1110.04203,889.21,ACTUAL
08/08/2025 20:10,123.21435,7423,7074.3977,1095.8023,751.16,ACTUAL
08/08/2025 20:15,125.92882,7470.28,7068.8105,1068.3895,668.86,ACTUAL
08/08/2025 20:20,116.50081,7404.57,7069.00633,1067.03367,735.15,ACTUAL
08/08/2025 20:25,128.45,7433.39,7105.75265,1053.20735,729,ACTUAL
08/08/2025 20:30,116.57143,7382.9,7048.80565,1047.52435,716.85,ACTUAL
08/08/2025 20:35,118.67769,7344.73,7048.24582,1051.68418,759.87,ACTUAL
08/08/2025 21:00,107.94409,7188.87,7147.636,1140.934,1117.79,FORECAST
08/08/2025 21:30,114.73,7098.68,7175.954,1125.776,1227.68,FORECAST
08/08/2025 22:00,104.83004,6890.58,6719.228,1120.582,962.95,FORECAST
08/08/2025 22:30,102.34431,6681.89,6315.641,1119.389,761,FORECAST
08/08/2025 23:00,81.32197,6477.81,6047.642,1110.688,687.2,FORECAST
08/08/2025 23:30,95.76246,6311.6,5902.643,1109.577,708.65,FORECAST
09/08/2025 00:00,83.2854,6128.11,5547.636,1097.684,521.15,FORECAST
09/08/2025 00:30,83.45,5947.28,5351.902,1079.378,487.81,FORECAST
09/08/2025 01:00,78.11094,5769.71,5262.636,1062.024,561,FORECAST
09/08/2025 01:30,77.20775,5651.51,5202.64,1057.12,616.26,FORECAST
09/08/2025 02:00,74.84584,5569.44,5102.642,1056.278,597.32,FORECAST
09/08/2025 02:30,75.55,5499,5003.673,1049.887,561.75,FORECAST
09/08/2025 03:00,71.7268,5464.12,4857.641,1046.999,445.02,FORECAST
09/08/2025 03:30,75.72981,5456.54,5017.64,1048.19,618.42,FORECAST
09/08/2025 04:00,75.83004,5457.01,5083.47,1043.54,681.16,FORECAST
09/08/2025 04:30,74.63,5482.58,5004.25,1040.86,570.2,FORECAST
09/08/2025 05:00,75.83004,5546.74,5157.537,1039.513,660.56,FORECAST
09/08/2025 05:30,71.69271,5629.27,5039.64,1029.02,443.56,FORECAST
09/08/2025 06:00,74.63,5765.53,5155.454,1026.076,419.36,FORECAST
09/08/2025 06:30,77.96376,5976.6,5539.645,1014.015,583.47,FORECAST
09/08/2025 07:00,86.85032,6112.08,5685.641,1007.219,586.66,FORECAST
09/08/2025 07:30,96.45,6206,5657.187,1129.763,586.38,FORECAST
09/08/2025 08:00,77.47207,6178.53,5439.641,1376.809,644.88,FORECAST
09/08/2025 08:30,74.63,6127.63,4987.86,1590.74,453.7,FORECAST
09/08/2025 09:00,55.63,6200.28,4786.198,1761.592,349.02,FORECAST
09/08/2025 09:30,55,6240.24,4648.852,1883.568,293.44,FORECAST
09/08/2025 10:00,39.58586,6043.9,4253.509,1985.381,195.62,FORECAST
09/08/2025 10:30,35.11198,5974.55,4157.638,2061.642,246.06,FORECAST
09/08/2025 11:00,34.75,5980.12,4135.647,2098.303,255.37,FORECAST
09/08/2025 11:30,32.48146,5946.38,4107.64,2120.45,283.72,FORECAST
09/08/2025 12:00,20.49289,5781.89,4107.64,2106.18,436.94,FORECAST
09/08/2025 12:30,19.79972,5632.08,4115.637,2094.643,587.58,FORECAST
09/08/2025 13:00,19.65779,5529.65,4107.644,2049.066,638.36,FORECAST
09/08/2025 13:30,20.72563,5629.76,4107.643,1974.277,458,FORECAST
09/08/2025 14:00,28.57816,5720.49,4115.641,1880.119,277.36,FORECAST
09/08/2025 14:30,23.60953,5851.33,4152.643,1800.007,101.55,FORECAST
09/08/2025 15:00,23.41997,5825.31,4262.639,1725.911,163.66,FORECAST
09/08/2025 15:30,23.54733,5844.17,4422.641,1612.209,191,FORECAST
09/08/2025 16:00,35,6147.35,4551.243,1453.307,-141.5,FORECAST
09/08/2025 16:30,36.76344,6486.85,5353.11,1244.95,110.65,FORECAST
09/08/2025 17:00,74.63,6794.96,6042.329,1004.141,250.63,FORECAST
09/08/2025 17:30,133.5,7124.03,7038.627,781.453,700.64,FORECAST
09/08/2025 18:00,174.40639,7380.37,7443.636,649.454,716.36,FORECAST
09/08/2025 18:30,241.07889,7439.06,7507.644,646.786,718.66,FORECAST
09/08/2025 19:00,187.90151,7381.61,7464.636,656.354,743.53,FORECAST
09/08/2025 19:30,159.95,7227.05,7342.528,661.862,783.23,FORECAST
09/08/2025 20:00,133.5,7109.74,7092.518,670.122,656.09,FORECAST
09/08/2025 20:30,163.45,7045.08,7018.884,682.336,659.74,FORECAST
09/08/2025 21:00,128.45,6938.56,6781.984,695.916,540.96,FORECAST
09/08/2025 21:30,114.73,6799.41,6706.896,700.264,611.29,FORECAST
09/08/2025 22:00,100.40961,6612.07,6552.64,710.4,656.31,FORECAST
09/08/2025 22:30,112.58741,6427.82,6117.645,702.425,393.17,FORECAST
09/08/2025 23:00,114.73,6257.75,5838.234,700.276,280.88,FORECAST
09/08/2025 23:30,105.11636,6090.41,5712.637,698.163,321.24,FORECAST
10/08/2025 00:00,84.45,5943.44,5518.068,695.892,271.13,FORECAST
10/08/2025 00:30,82.91255,5811.53,5339.64,691.22,219.73,FORECAST
10/08/2025 01:00,77.53,5675.44,5255.75,683.69,265.03,FORECAST
10/08/2025 01:30,77.02989,5576.67,5199.636,691.084,315.95,FORECAST
10/08/2025 02:00,74.63,5495.37,5064.649,699.671,270.41,FORECAST
10/08/2025 02:30,74.63,5595.02,5066.981,706.769,179.36,FORECAST
10/08/2025 03:00,74.63,5558.85,5006.436,714.414,162.55,FORECAST
10/08/2025 03:30,75.82996,5546.94,5145.193,721.187,321.96,FORECAST
10/08/2025 04:00,75.82996,5537.64,5111.833,722.627,299,FORECAST